{
  "generated_utc": "2026-02-28T15:52:51.892129+00:00",
  "dataset": {
    "rows_total": 16241,
    "columns_total": 19,
    "rows_modeling": 16241,
    "target": "PWNETWPG"
  },
  "model": {
    "type": "ridge_regression_closed_form",
    "alpha_grid": [
      0.1,
      1.0,
      5.0,
      10.0,
      25.0,
      50.0,
      100.0,
      250.0,
      500.0,
      1000.0
    ],
    "best_alpha": 25.0,
    "cv_r2_by_alpha": {
      "0.1": 0.6996529471621253,
      "1.0": 0.6996956677017114,
      "5.0": 0.6997261005685507,
      "10.0": 0.6997440412963953,
      "25.0": 0.6997586270183869,
      "50.0": 0.699733665424821,
      "100.0": 0.6996481019380237,
      "250.0": 0.6993910421674941,
      "500.0": 0.6988881519201323,
      "1000.0": 0.6974490222157941
    },
    "train_r2": 0.7036997167177939,
    "test_r2": 0.6939089621957486,
    "train_mae": 586137.1574713945,
    "test_mae": 605004.6384183506,
    "train_rmse": 960682.5280312964,
    "test_rmse": 1008756.6212272278
  },
  "clustering": {
    "algorithm": "kmeans",
    "candidate_k": [
      2,
      3,
      4,
      5,
      6
    ],
    "silhouette_by_k": {
      "2": 0.3938842249945553,
      "3": 0.35570322769134655,
      "4": 0.28798321414896544,
      "5": 0.3257298921810394,
      "6": 0.3292240601100006
    },
    "best_k": 2,
    "inertia": 158443.57097998774
  },
  "anomaly_detection": {
    "method": "mahalanobis_distance",
    "features": [
      "PEFATINC",
      "PWAPRVAL",
      "TOTAL_DEBT",
      "LIQUID_ASSETS",
      "DEBT_TO_INCOME",
      "PWNETWPG"
    ],
    "top_anomalies_exported": 30
  }
}