{
  "iterations": 200,
  "threshold_mean": {
    "q20": 38.72782898520095,
    "q50": 48.05565067550413,
    "q80": 63.84272773170204
  },
  "threshold_std": {
    "q20": 0.18343437702765578,
    "q50": 0.12337720302388275,
    "q80": 0.2732469847719722
  },
  "tier_share_mean": {
    "At Risk": 0.20008066005787825,
    "Coping": 0.29997906532848956,
    "Stable": 0.2999812203682039,
    "Thriving": 0.19995905424542826
  },
  "tier_share_std": {
    "At Risk": 4.659883098372549e-05,
    "Coping": 6.924446243846028e-05,
    "Stable": 6.859694527226838e-05,
    "Thriving": 4.69602689029509e-05
  }
}